Player_Weight,Player_Height,Player BMI,Workout_Days,Training_Intensity
66.2519328625529,175.732428831176,21.4533308289015,3,0.457928994434027
70.9962712683244,174.581650123313,23.2936932471489,2,0.226521626036105
80.093781163361,186.329617515098,23.0693316123408,4,0.613970306325232
87.4732705523172,175.504239617747,28.3988098985615,2,0.252858118250111
84.6592200795959,190.175012290841,23.40816430929,4,0.577631754344422
75.8205487115279,206.631823501198,17.7579368183299,3,0.35920874698269
70.1260497607885,177.044587598534,22.3724768021732,6,0.823552226611819
79.038205586793,181.523155135766,23.9868383638651,6,0.820696160766779
64.0860956270652,183.794820571655,18.9713080622007,3,0.477350398122401
66.829985607391,198.115048125935,17.026933467427,2,0.350819109335015
90.0977131245962,179.173522149618,28.0650684456925,3,0.362559796559094
79.0203448004692,171.709830803416,26.8008519578234,6,0.805714525668217
71.5247326622704,167.336594943742,25.5431461486453,2,0.328179482797612
83.2913868458526,179.420160525677,25.8736447899834,1,0.209059373706846
87.8697496384959,175.516197809461,28.5236424930489,1,0.0846883418753068
70.5536244175436,200.100092893,17.6207645579919,3,0.466693120884408
70.7259205755052,197.698624206769,18.095530300115,3,0.482132098919841
69.4735422665299,169.656271720764,24.1367951767668,6,0.840908710402907
84.6385031871536,172.892398964508,28.3149744180406,2,0.221238696446063
84.7355744752012,180.737701078868,25.9398983770957,3,0.380991273668399
88.8590332129109,193.972264225587,23.616868594736,6,0.80840573889369
85.0860294984883,180.57013136371,26.095548518331,6,0.823623610748973
58.6778192057148,173.527593620119,19.4866361467347,3,0.384611075978768
77.8096432091819,179.411181900972,24.1732147084739,3,0.45912402328668
64.4161459715294,173.715151361039,21.3461392995486,2,0.303285890849282
69.8708562502858,186.024772094394,20.1908453881446,7,0.932554878419312
76.7059420358086,172.909662883352,25.6560905553426,1,0.11864376574158
83.355653983499,174.89563947573,27.2506646799414,7,0.93374942300147
66.0915665754892,191.61933813456,17.9997873604333,5,0.683866451835343
51.7528033854759,172.316350526859,17.4293384636235,4,0.531572152686731
76.8053084180543,165.538719674398,28.0279964370534,1,0.0326590607844958
101.435715833985,180.949937513563,30.9794728462029,3,0.475596191822008
72.9715378032984,176.395265957954,23.4519871579223,3,0.407748105002732
75.4691543495025,185.114155009299,22.0236971166393,1,0.161218811975122
92.8216361853607,183.17471934731,27.6642021809832,5,0.656409603500656
80.9027461906178,179.680815053566,25.0587755294896,7,0.971150907368285
77.1686103698293,179.3895657453,23.9798422921864,4,0.562188811064525
79.4211666531347,172.641415506771,26.6468750791693,5,0.714753276443945
77.5024393257364,180.833470709932,23.7005124470563,1,0.0684504525660167
63.6024557184329,188.812847814327,17.8406551651528,3,0.417666995816994
61.585548422003,170.265532586005,21.2434637909162,1,0.116358485164495
93.8682811212423,179.946026236384,28.989074091299,4,0.61279583553651
76.8388335190515,190.383887557346,21.1992444079466,7,0.938482158214154
76.0009544257969,185.054240932167,22.1932528665026,5,0.661777732471638
74.0977233594379,193.094728963507,19.8730272080419,1,0.0768030483144215
82.8107326761645,174.318576701656,27.2520567458622,2,0.354666204985082
100.386911017374,161.692315516051,38.3970916198269,4,0.550663379440851
80.2395266710779,182.006518039556,24.2222496312683,3,0.403207756133252
69.1191317368544,183.625708150264,20.498935392804,6,0.833644010475172
73.6659914210845,193.684219544726,19.6371547336529,6,0.814671004709989
85.7099646720525,191.881457347069,23.2790524869918,4,0.611831020103221
69.17199398587,185.367436230124,20.1309100508014,3,0.373457945132705
83.5224648903026,187.653902141704,23.7185482337951,2,0.255336373763244
51.7926262602187,178.081785417933,16.3316073939762,1,0.105874318213129
72.7012042855361,167.808853886807,25.8173618929238,2,0.354897683486554
81.2814001348066,181.177212173809,24.7619037153088,3,0.413172517207719
87.7012554657571,189.825734636277,24.3386021653495,5,0.675822925104073
66.815257829576,186.563608698285,19.1964879758583,5,0.658159824297573
59.9723498236939,188.338073391593,16.9073217961731,1,0.0701081396412569
72.3926483510818,175.722443129532,23.4444473249266,3,0.395259315431157
63.7458099225311,177.344531619815,20.2682400903118,1,0.181778867217361
73.5096333327047,184.834254881146,21.516881809683,1,0.156812705316805
74.9334654536876,174.534926054912,24.5986416182615,6,0.827302149737245
61.8085495479805,174.84282930067,20.2186847579812,1,0.0419152167162575
83.0443911011086,182.979822363774,24.8029822122205,3,0.419182875902121
73.4278610663554,187.609047431569,20.8618741309435,1,0.168203655766518
85.8045986900535,178.004713266705,27.0799314562733,6,0.879330215678474
56.550947597039,168.368105389463,19.9489589557904,4,0.557040513275035
64.828078294546,172.641960849571,21.7505592436623,2,0.231380636376848
80.1666930864812,182.03672084893,24.1922332883208,4,0.502427287166376
67.0088942917473,181.915209638659,20.2485733324323,5,0.731486359703115
73.354643419503,182.412381376553,22.0454508103145,7,0.958118008919433
75.0069911755717,185.212952905957,21.8654808658535,2,0.220446004245418
76.5825598095336,180.058105585424,23.6213397193004,6,0.886181772129345
68.2243378726629,182.650560448403,20.4501882973255,7,0.93430411416749
76.4928656347247,179.549731771711,23.7274687319742,6,0.916420544532066
67.1745629476552,191.487334829294,18.3199692497438,4,0.635414356861909
81.7428046874677,194.323420312175,21.647076049185,4,0.629820654434707
73.8515598051697,168.109887176199,26.1320306577084,3,0.403210633183822
76.5503662359551,177.447480578977,24.3112672615357,5,0.752397882303787
100.699268396903,180.327244915407,30.9673198898291,4,0.531294018350931
63.9289554539997,177.330852879856,20.329607918729,5,0.677438071228294
88.8858226904028,197.929225913308,22.6888583668725,3,0.428457903848795
48.4064864295062,182.239552780897,14.5753260500854,5,0.731496464043139
54.2162334508105,171.946281729496,18.3376536186082,6,0.824471517604549
62.5935992231242,185.964423395606,18.099650511331,1,0.146436256602816
63.2247163472506,182.709745388461,18.9392800015114,6,0.832929715574228
77.0370179813885,183.041929195534,22.9931405741573,4,0.540296531790307
77.8984226416846,198.078761587991,19.8542204438564,6,0.844665909090224
72.4517873162763,183.507851757548,21.5149232540344,3,0.431301706341014
73.5012203323753,176.96338476126,23.4707904950848,3,0.379040485383035
80.2776476093166,160.447235736899,31.1838806263069,6,0.915060732517222
83.3322387762074,178.346009818564,26.1990929203182,2,0.251169267548401
61.7346098389024,193.059699173271,16.5632462048695,6,0.844212325286143
71.3810902876699,179.088308804438,22.2560816847908,3,0.484020572509404
74.3041017708698,157.599501014804,29.9159716048978,4,0.514095442551259
79.8531599656045,175.016376078075,26.0696219202422,2,0.308468281489484
67.2733285772652,189.926885389127,18.6496215736769,4,0.573042200619015
74.1077882440633,185.45817174562,21.5462603641557,2,0.325211196276211
75.2998363452715,171.601191034892,25.5713370524611,1,0.0392694142416523
67.9552989654047,174.347152236009,22.35597479722,2,0.271998605344356
67.7168485005211,175.892913408975,21.8876962595887,1,0.00637904340659067
75.9874577763733,173.37286228137,25.2801517574361,7,0.978354787056856
73.6965485401279,159.703261322604,28.8947924179378,7,0.965747209819747
80.0047751942063,187.635911006198,22.7239585752625,3,0.395155297472305
64.46741279355,192.57059956689,17.3844228217488,5,0.728370854339646
71.4931847212121,164.815510560352,26.3189454061683,2,0.345806098410425
72.707839484464,192.438529325863,19.6334753408183,5,0.671093157085976
83.138639081236,178.969767986027,25.9563463752422,6,0.805430043045979
65.5958622543209,192.251323481678,17.7475238624166,7,0.94675624469224
77.3465200515508,180.379504362904,23.7720371521262,3,0.400212275849672
77.5275550753788,181.355445921586,23.5719160173423,5,0.783297982956047
91.4639724267997,183.724346469822,27.096714602466,2,0.265928450632118
64.9291063569373,172.099336748647,21.9220433563944,7,0.990332303793648
68.427666818825,191.94674144328,18.572494761987,1,0.0257695987643511
65.6264431777667,168.786193619252,23.0358917162828,4,0.603528806501121
58.302208279316,175.979332554833,18.8261568287128,5,0.659505981651327
92.6468693426271,185.242646776431,26.9990692783841,5,0.688045557074128
62.5849876905087,174.908047595145,20.4574070744444,1,0.120387578789089
66.8369459094515,187.775312408149,18.955690553064,7,0.93852978347313
88.1576650828216,193.758661731839,23.4821483112073,1,0.181183279050082
57.4689295306178,190.125460010538,15.8983682402386,4,0.622753403239841
82.5635156928738,160.638846863213,31.9953615304452,2,0.222676079123084
60.8697565465822,181.258469696193,18.5269933921656,2,0.30721641702127
87.4669473652958,190.286826106963,24.1560836588773,4,0.546458541728124
53.3012231295914,166.832511531779,19.1503095985839,3,0.417193418564576
57.4653058374933,187.236105872288,16.391795307951,1,0.160225600976506
69.5507776504109,186.674607816393,19.9586652897044,1,0.170936402420848
84.7182269017273,167.879101080617,30.0596270169904,3,0.418144788162799
74.6904174936342,188.342326657401,21.0556680309753,5,0.7572829782755
71.6428492711343,182.726977935299,21.4569261463633,6,0.897964646847788
88.4604420746471,186.503817887212,25.4315981269396,1,0.0841276622593828
96.5523953843307,170.336876142348,33.2771171846897,3,0.393103907559401
81.7225728441377,181.501361163713,24.8074576257048,1,0.100245563722876
68.7714549689871,162.951214458676,25.899597180218,1,0.0165924806325978
70.8185696599072,157.230087924669,28.6467815558948,5,0.661718682643956
62.1155262024267,181.408284265277,18.8749555234552,4,0.602449441966587
76.0081742225405,191.005976067613,20.83369921625,1,0.163019113814886
58.7040701402367,182.52936814265,17.6198705125207,2,0.233812833093064
80.518636553095,179.365539360558,25.0275533964006,1,0.0237077536445183
95.0557404563995,178.124658799451,29.9592031791563,6,0.834947205694403
82.1759157979305,170.574346085569,28.2434094829747,7,0.974690596048551
70.3085227980506,177.781390962046,22.2451518042658,1,0.13545953679469
80.2693741263179,184.216844682644,23.6532704816142,2,0.231475213765298
91.2053344516587,175.647777671993,29.5620754758678,6,0.868409523946934
90.7049463526113,187.505868538357,25.7989030952665,6,0.926463797956184
64.9624210843663,181.959750338646,19.6205662829276,3,0.41962738280681
80.1029638958232,183.169794177734,23.8748620515285,1,0.0506224722690741
73.418985099298,188.886627535509,20.5781321368251,1,0.0393918336928194
83.0659324791368,174.73244567345,27.2066978479473,4,0.57394986606901
78.8361395381677,186.593805861869,22.6428403141213,3,0.392895108893179
51.3027859051555,176.13523282748,16.5366857584637,1,0.0286524275776545
71.5198691370316,183.395144838188,21.2642976626562,4,0.583252392312556
76.9855836289629,173.542286493634,25.5622322378666,1,0.0113025365890224
60.6563503284115,170.892961769352,20.7695899338975,6,0.787371958149273
80.8102200986598,180.918647456484,24.6887797317044,2,0.306432822703371
59.7598475827297,161.147999479788,23.0122797123044,1,0.0402580030092321
67.0156095258294,177.037325564911,21.3818998717182,4,0.588352220983153
88.4131191970013,163.936229943908,32.8977977227976,3,0.397684414433054
66.1622221113573,187.792340343136,18.7609287571693,7,0.973800413357149
80.7396695920167,190.501105961089,22.2480506804362,4,0.544198662503702
57.4642628209131,171.360487785791,19.569352683835,2,0.275239181037008
95.8131465676514,184.283129624734,28.2133037540288,5,0.709438864633974
71.9544636151274,188.991357136874,20.1453052659305,2,0.271492002542711
75.9532080694771,189.024692225017,21.2573460673242,6,0.904243291407565
76.7903679654896,182.144508339716,23.1459273203139,3,0.374721970507376
81.0756686433135,187.343046755614,23.1001809210001,4,0.549868562776205
59.8082001701382,173.506686880796,19.8668173605079,1,0.0505731038242288
74.9466352916333,180.831224656566,22.9195081278106,3,0.42612123795223
68.4123117421864,175.328965932092,22.2549653916475,6,0.832363539660995
58.1044277392173,172.662120262146,19.4901458425439,6,0.805648805363341
84.8712220012871,180.360633914696,26.0901724210646,2,0.224318558853526
71.4782701640041,183.47530376158,21.2333639034373,2,0.226079071010562
77.4252042561252,191.635087679549,21.0829947327493,6,0.817305312213236
76.7984541872806,182.651555272988,23.0200217392567,7,0.930398420169325
71.6514772762388,186.419305349615,20.617850119929,1,0.0953609212730035
94.7502735363078,186.532831732495,27.2313960109415,3,0.450058639426225
74.5273534737099,206.875343656969,17.4139877347297,2,0.337454278964228
59.4204768232333,161.899675967274,22.6696165083658,6,0.870688455457439
70.9961863981668,173.120661331628,23.6884811702127,1,0.0835249146800187
79.9973762011211,194.74056052488,21.0941928217726,1,0.211125942558037
80.3259510937055,176.479869251465,25.7908425295188,5,0.752468337586494
64.1221906473823,188.858031376017,17.9778368264841,1,0.0512938489812155
84.2948250734477,182.300095237628,25.3645477166072,3,0.492535380714289
57.3713307112896,201.05202401208,14.1931248883042,3,0.44210703467972
86.4413520261641,168.869455729362,30.3123316375051,2,0.334401178988748
61.8065211086259,192.218005525188,16.7280826636587,3,0.394572315318923
72.7375478099132,197.495813052725,18.6484555529378,4,0.529940586930232
85.645686780267,169.85581122832,29.6855210736213,1,0.161367358388383
76.1960566888707,187.828702435813,21.5977534730705,4,0.571995878283592
83.1669851771357,170.345020141709,28.6610485371026,6,0.805432329299986
81.1866195970993,180.301615725351,24.9738340636694,5,0.760160929790159
87.862686134046,177.434120698178,27.9080954125155,1,0.153899904693773
85.6220985091371,155.972460651003,35.1957334765634,1,0.149249469741473
70.4625569146355,184.242342597118,20.7577130820819,2,0.268174367744913
81.3294163379346,181.433391676062,24.7066132567843,3,0.361074726341037
59.7344813830225,194.790789734057,15.7430277436647,3,0.408455581408482
74.4209509266221,186.111436546495,21.4856794602056,5,0.679697216833345
83.1848473463854,202.908839240787,20.2042294089936,1,0.0566804321658354
76.33847654246,181.070423820787,23.2835100752575,1,0.0346727042260663
79.4663973151708,178.944699479976,24.8168037848263,3,0.391910562943909
72.867276240342,178.156433492829,22.9577602417793,5,0.69716369213798
86.2906943753514,175.604112889682,27.9830208985266,1,0.193435342956482
74.19584226291,157.922490836174,29.7503170691423,4,0.641504481256251
70.3454981759594,177.79805372992,22.2526790574007,2,0.259828137940299
83.8651741256905,159.32145273564,33.0394749815386,6,0.886086108813516
60.9484007763554,184.520333445857,17.9008582334111,6,0.895689944266616
80.0103334351734,167.599397075294,28.4840130699129,2,0.297287204281326
64.5751512577286,171.056673769115,22.0691388179614,2,0.22999375396324
87.7792682923816,173.305898051674,29.2257234249555,3,0.411303972066231
72.389727467532,177.950649621867,22.8600821145204,2,0.240531585180148
76.3498472081968,180.06868254939,23.5467947408473,5,0.672383843291703
79.1257039664412,190.84479583073,21.7248578592171,6,0.826064684548285
55.7031540368584,174.224699064924,18.3510255762767,5,0.673092130911217
68.4941515844314,184.801461362223,20.0559245986642,6,0.824350447249349
85.4354590928655,207.308672332235,19.8793974603057,3,0.396992162207474
83.6776502417088,183.773507027632,24.77671183255,1,0.15631697070886
77.8303220539521,178.195102110683,24.5107895949098,5,0.737950947397592
61.5053642857447,172.208483480717,20.7397687964858,3,0.360474505141553
80.8550346085858,178.056684545796,25.5029548733166,5,0.671270825229132
82.1339959020544,171.137796563905,28.0434266986066,2,0.270643941981765
75.4701721312374,182.686614266837,22.6131928422866,1,0.0812296348066726
87.2317095059145,181.035441386393,26.6162687556614,7,0.992581795487763
68.1656820986987,158.377807790822,27.1754741445865,1,0.156201507930599
69.9014242250002,179.814419942339,21.6190692039992,7,0.988420993963481
50.1538842091418,190.7614631264,13.7823502809462,7,0.977279932566447
84.1982751014766,176.008881477972,27.1790347233827,6,0.793818103908039
78.1386196347013,173.471032275884,25.9664039619683,5,0.659422962081997
58.1817967486677,166.222992268831,21.0574092065767,4,0.577807050251084
57.4140100000585,161.420079583755,22.0344779980021,6,0.866101545377834
66.2736937262898,188.313492670632,18.688665881288,2,0.289439521619487
82.9365794198035,178.185216704208,26.1217807850261,3,0.467681212484877
71.9963951191137,187.720215620034,20.4309547982674,4,0.619389969366501
66.9521308333967,195.313237445794,17.5509668497801,3,0.411190475869491
64.938841069165,189.212476849103,18.1386513077011,3,0.427486454090268
64.4908804217181,174.576276785612,21.160593868199,2,0.330284667502084
55.6632169889244,181.448676646575,16.9067718475111,4,0.564231816684536
62.9260416835362,173.85227134843,20.8194702902346,6,0.850574528015116
64.2942192032283,172.917115373983,21.5028468938856,1,0.201528378006312
81.8262323645714,183.428151624026,24.319832266871,7,0.934433038753441
73.3427694685338,171.677061168818,24.8847203519541,5,0.689087653748229
66.7441515698253,157.908483809113,26.7671596748031,6,0.82327321268003
98.0972275540618,171.118521042726,33.5013800285187,4,0.556190692630011
68.3610308645333,176.931188513126,21.8373438961178,5,0.779516701424063
86.6710291438363,195.213984978319,22.7432277052369,1,0.0162003973394672
91.2110855778771,175.090625501286,29.7523884940522,6,0.818380424779535
59.3003966234265,185.119240910292,17.3043175643727,1,0.0401388590853665
75.7396296407356,178.316917660379,23.8197983325658,6,0.889913376362862
69.8246634909177,192.264051438703,18.8891611650235,7,0.991962747238643
69.0107560344066,191.570963854639,18.8043106258795,2,0.294067462176777
80.553768168069,191.761751052399,21.9059396701209,1,0.210318556285793
68.7712950357671,162.660164705826,25.9923045640481,5,0.76536336385804
70.0403095367353,182.067240472449,21.1292672919593,2,0.253026340920253
73.318851043747,187.589386001219,20.8352697152023,6,0.865562383172203
71.2660073162343,183.815385625893,21.0920459476111,1,0.102842592157476
63.2642979298787,186.365963258218,18.2148456784438,1,0.125955196379358
82.9590650484747,180.583510042854,25.4394471149799,7,0.979151555100615
85.485309385076,172.552157932734,28.7111572595125,5,0.673838898270004
78.4361858953521,163.029026150137,29.511181595011,6,0.846887224428952
71.2344734897773,173.544305713515,23.6520877780862,2,0.324329377351518
67.9478926367021,206.781098736383,15.891112954064,5,0.676483749520604
67.9637993707355,175.143488239093,22.1559134038235,4,0.594241827308597
98.573763650327,160.406097739092,38.3106562423621,4,0.603150120122947
84.3783830156664,187.32649360729,24.045443430055,5,0.682532459537721
66.5988992141666,188.554600086826,18.732372556788,4,0.575359173129098
76.6469782743714,192.873243901521,20.6039775592224,3,0.429062369302665
71.3746497490063,184.709785037067,20.9201206238212,2,0.275922694380546
80.8380037615629,188.456015144669,22.7612218976552,5,0.768581330913202
80.4349910278934,198.402171348419,20.4339429264813,2,0.226272430003186
85.8360965390547,172.545265079378,28.8312762550559,5,0.692354306154414
66.494435413378,170.561492945762,22.8572156272238,2,0.233332822649326
76.0473529863813,169.05413460447,26.6092423014289,4,0.625330169954453
57.5145301504247,177.34230413506,18.287438673612,5,0.747078267129028
62.4265969957115,194.334224198251,16.5299324725678,2,0.218713888906539
83.8410083655917,185.280683677462,24.4228422226612,1,0.0599433008613082
65.4931620859467,184.886919527092,19.159474184137,1,0.130973742994174
66.5909120195214,161.806920713352,25.4343578210459,4,0.605996967271025
74.9172192544995,173.068131727635,25.01194344774,6,0.849446406225735
81.9476103084654,161.643423671379,31.3631888231247,1,0.0449968212354243
64.391732041659,191.712457893215,17.5198118047856,5,0.734151259041646
40.1919117123991,195.856464928857,10.4776247567075,2,0.341318645950052
66.2977675785648,187.795667272403,18.798697885058,3,0.478528369919522
87.0562807795283,170.132139542604,30.0765059543973,7,0.928859549845565
78.4313505101687,194.820224936157,20.6643434945679,2,0.331971504735845
88.2387480378721,177.467450899747,28.0170183820353,3,0.465336933939486
63.681838578673,167.855407192473,22.6018985767137,1,0.0136824147606811
58.6060373233594,170.355957453883,20.194248952846,1,0.0815987200048383
79.6254855264754,175.698433644081,25.7938585552687,2,0.258591591134784
77.4002273768504,180.495785204847,23.7579030845763,1,0.0278522408210744
78.0555432037725,178.386557883482,24.5289805812019,4,0.631375326048251
84.3299664265056,165.873315818289,30.6498867942939,3,0.426398356801622
79.2168492391226,192.133164091856,21.4591687561443,4,0.548145202728022
79.0561759314037,178.493940805631,24.8135468584281,1,0.174647185896329
82.1500701380114,172.862461437293,27.4920137890091,2,0.295932029436616
80.0241663218702,191.103023619827,21.9122029385115,5,0.663824474852725
83.574459317174,168.165938117334,29.5527232571144,7,0.965302723630399
85.0852082477858,163.711098164254,31.7466440539874,1,0.0504167736022092
90.3168880124091,192.724874465987,24.3160720785995,6,0.890384320855266
68.5080867509632,198.913878495503,17.3145683049541,4,0.576881201311208
79.8056210741074,175.379039813486,25.9464595450549,4,0.563919566755623
71.296766314027,179.540299920828,22.1180043977068,4,0.50027853520776
66.6644101272073,168.53335285479,23.4704987741677,1,0.0693940859041833
68.1045967891963,180.054925502433,21.0071150318601,1,0.0898768517361606
79.9495551756152,175.242947362688,26.033643539519,4,0.600912005659086
79.18252554786,178.97871559965,24.7187539908508,2,0.340958571435558
79.0041202923843,184.092583875972,23.3118722653367,6,0.91726806657768
72.7428635243066,169.018545219691,25.4637096990603,3,0.406590537359472
75.0341475117841,176.381886607674,24.1185383928407,1,0.143281458702641
83.1775269587605,161.962185782218,31.7087225034768,5,0.714718833502036
60.1060694035069,176.450127158867,19.3052031971835,2,0.293353421441009
75.2464209842858,179.06565929083,23.4671979059814,4,0.525470307355893
75.8995614812679,182.28982425061,22.8409632091163,5,0.69783278550517
82.5330426907765,182.395765403632,24.8083770356719,6,0.90026411120207
61.4975158805717,189.039227507368,17.2089235588102,6,0.792191194801676
89.9513374551741,164.603334807266,33.1994100080726,5,0.676361067872724
77.1363042442851,165.137229700497,28.2858241893288,5,0.679633182395143
77.6658054669493,185.289579363925,22.6218365342683,7,0.945924644032086
70.9862024266777,159.610387229945,27.8645247806288,2,0.295824097496536
80.3802235479684,181.833002121049,24.3110541926864,1,0.0011120941961874
75.479540502831,168.197070604101,26.6804034383217,2,0.271954559398198
87.0898194410646,195.728146409171,22.7332131333382,2,0.217891379626744
60.5850575193638,182.504524077277,18.1893950501131,5,0.661834585113998
76.755458298905,177.808439802869,24.2775315245398,4,0.633711599765529
79.0851234837742,192.277208771391,21.3913985414442,4,0.593461382704723
73.136276056369,169.36597993429,25.496495151781,1,0.0162434432094537
70.9533417669295,171.265903659121,24.1897307265117,5,0.728778054450647
71.3704272103129,167.385451663448,25.4731632774307,2,0.323530412485491
76.7463926936782,171.34960773651,26.1391669387647,5,0.665055989006631
56.9004109901929,180.611156093673,17.4432039297836,4,0.556578428502153
84.6501496106323,184.939518719937,24.7496056704301,2,0.342730925427907
70.1986813230415,189.614216853675,19.5248254805345,1,0.134576267104107
76.2780269736678,161.752759530992,29.1538593245029,1,0.0944188976604809
78.6710226678806,178.281370135367,24.7515767238295,6,0.831518333112223
69.7419461268704,168.918354688092,24.4422046931119,6,0.918397542081558
73.68961593001,177.947129085119,23.271497015174,5,0.649788046764299
54.6475975937449,203.34163580127,13.2165605030429,1,0.103434114860483
82.3212360733307,182.91861762,24.6034529256658,3,0.40202721688824
85.8006900032216,188.994649711482,24.0210374767901,5,0.728939200105157
57.9900644806124,199.60691272161,14.5546724621838,5,0.779820884010068
70.9350712330373,191.273582431747,19.3888042131354,1,0.118218622291088
62.7013062175918,175.52085520313,20.3525643124614,1,0.0000307188453824158
73.2225967851259,167.2416791343,26.1791829523269,5,0.712137045880605
81.4863633472096,179.698557304791,25.2345610846818,2,0.356596175986205
84.8730889925662,174.322942157813,27.9293555304749,2,0.25448133161826
86.2185318942684,164.754787133808,31.7632211830213,1,0.0128974697895254
88.1054382469221,182.409249972894,26.4794524577589,4,0.540299406761499
72.7758722154443,182.658862980593,21.8125238575262,6,0.851150735425981
63.5304137126656,197.691167002632,16.2557553027104,7,0.957631646272587
73.8540969969203,176.382369311631,23.7390999097673,4,0.565744950613289
81.3326750230357,182.801213889694,24.3392339827272,4,0.514461327739894
62.7274021907914,173.345145853097,20.8753580190403,1,0.0850563854892411
91.6013695344824,188.731694306934,25.7165253645177,4,0.548872801542599
83.9788853876034,178.753822038098,26.2820618630055,3,0.379979078965394
72.9343283156867,168.274083911472,25.7571328425666,4,0.607135280883576
67.8912806958875,179.865281783348,20.9854997707025,3,0.388726347876546
68.3087891888735,183.90522897565,20.1970728464008,2,0.240299123450366
75.7420621380015,182.552733874135,22.7279592720974,1,0.0949652752283765
72.7059739726964,190.458967154958,20.0432086238637,2,0.314918444588895
84.5050275528262,165.519436279593,30.8449840907533,1,0.0966448342877522
71.5702417169737,171.57257409985,24.3128992222492,1,0.176896950823983
80.0550181061149,186.397873317955,23.0412827848866,7,0.987336158579545
74.7107511582513,172.747310220389,25.0357447551981,3,0.444103556906618
77.6966935739707,182.404712493302,23.3523412793248,4,0.531871766505016
72.6994356440361,155.802547525882,29.9489727325592,6,0.873618528737215
82.0771554124962,207.159465723128,19.1254970998017,7,0.995568900490687
82.2254008029007,177.302814684426,26.1562053873424,4,0.582714449344681
79.5992902582214,191.939562599882,21.6062896485142,6,0.812473821044171
81.075143271495,176.631021744165,25.9868573504292,2,0.326941024336675
65.5563122245694,184.146985287308,19.3323784529149,2,0.305743957447291
78.2324576290898,194.919196463452,20.5910147088375,3,0.40270372099456
87.4920176748753,191.658060192083,23.8184916492967,5,0.672507262673649
79.9140456701949,177.955450203147,25.2348385395163,5,0.682191689255098
64.6928249719847,178.647456746063,20.2704056710509,2,0.31523943464945
74.5023349035091,190.035665601832,20.6300200997664,1,0.133209924136628
78.749779383397,203.332444042853,19.0474123621286,4,0.632396256465508
67.4260048310169,181.92282674399,20.3729085761949,1,0.128325862188764
61.4172880327664,199.570636405416,15.4204607826672,4,0.57849250822933
71.8390213156347,177.585855895797,22.779472431009,5,0.693422128056309
67.5916759203229,189.519603635098,18.818497078724,5,0.700611496394451
74.8571096861003,191.011557622472,20.5169954591059,5,0.753472110659596
59.0859535250371,175.900394961472,19.0963611442876,6,0.872859421565664
80.6470106253615,172.529219206983,27.093365764298,3,0.499958991964788
68.6539496470664,191.453891885473,18.7299720324476,5,0.730249189529571
84.9575223668135,174.684430627569,27.8415520156145,4,0.619172735365836
72.2310116020362,171.056500873245,24.6856478598272,1,0.186639939797682
74.7461095361551,173.160404982009,24.9282279470653,1,0.0256896448694081
73.2696512130308,174.643866615745,24.0224582895437,2,0.284541385676933
68.1184030989972,188.566171046256,19.157414376167,3,0.443033706337619
99.7227946227266,185.150426732761,29.0900860519716,4,0.617105944428656
70.0413382199271,187.156582447578,19.9960504024321,6,0.849959330503205
85.2352152246566,184.21379811098,25.1174038413717,1,0.196245716706165
64.063710539366,174.061598377533,21.144925273052,1,0.125549789898477
78.7213139109316,186.971028559082,22.5187199439573,7,0.963479947474327
79.7887216393183,191.824538266053,21.6836897085087,1,0.108044559376407
74.7582302290187,185.845032161193,21.6449755120172,3,0.478491070107189
69.2899528036042,184.496559066258,20.3560600752679,4,0.585563728793301
72.3667809738603,172.329454934293,24.3680190765872,4,0.541374420907438
70.9671049802688,182.118170789744,21.396883886688,1,0.0860321570329432
99.0202628183545,171.797586705512,33.54980165337,1,0.0570269140036193
74.7739691055518,179.759721419193,23.1401229138893,1,0.105483427461035
80.2488877866395,163.597333607746,29.9837936174921,4,0.585587683872612
92.8162509042536,163.674415970079,34.6467436116115,4,0.544344887634321
66.2368133202582,178.089523100529,20.8844329716635,2,0.233740792036744
75.3766023316793,174.51560328173,24.7495912930129,4,0.637774141845591
72.3081386831861,181.067871934741,22.0548641724206,6,0.820067502055649
74.1386155451663,178.652314208848,23.2288216349539,1,0.0415789598465937
73.2098803288251,180.301907872101,22.5200345484046,3,0.498129943548042
67.6812291436978,186.086074423567,19.5452166417807,5,0.68931041210269
76.9541028499663,175.367310443391,25.0227188709645,2,0.252311927069687
64.3736722258389,177.805561883551,20.361867197305,2,0.307770905293149
84.8888273730901,194.550212227631,22.4278228260914,4,0.613637902989383
81.233098066546,180.03084126825,25.0633543826151,6,0.897935293443736
70.0653718363598,178.207895253746,22.0622371852811,6,0.809924420302899
70.5501667862614,180.825126993231,21.5764746438285,4,0.583130219099583
77.7551056234825,178.386356269904,24.4346232033128,5,0.730221717757249
67.0145468439381,172.904277070467,22.4159739081006,3,0.364822470207798
93.1198012413487,170.019701628202,32.2139174137517,4,0.640965528098757
78.5792572869176,172.365686598499,26.4488194713265,3,0.466181591127556
78.9326315138367,188.729191867707,22.1604421522957,1,0.18993613645756
81.8144508035728,173.700947452815,27.1160012220806,5,0.701738273877257
69.2053672592993,178.450753981637,21.7321654736914,4,0.556464637348822
85.8900998178477,187.007362851328,24.5598491873728,3,0.358621581953591
76.1453336621546,177.21608829189,24.2458269895954,6,0.91133919007863
84.5014547099883,186.333613148436,24.337825604872,1,0.0209341178267332
73.0204687343167,164.592069575691,26.9542222066201,2,0.315773151249496
88.1727822673118,178.674833204581,27.6189888261371,1,0.0568813977776465
79.0134362702479,180.788960965985,24.1744794944583,5,0.766527316221627
96.8250702417708,180.231387230981,29.8075972671499,5,0.702107454113792
71.3047838317777,163.470813021611,26.6832191086531,2,0.331352218736317
77.0454939609074,192.031126464308,20.8931530125243,5,0.675662902207073
64.6842375312984,171.453270550285,22.0042674766833,3,0.395937226195949
69.7070176245378,183.350371252624,20.7354237357477,5,0.756253791422434
81.186865478479,180.079642826473,25.0355151936981,3,0.454183662736706
86.293244375395,190.037095238106,23.8946146214529,3,0.412279727831665
104.650103517207,201.874888293742,25.6788200299597,7,0.934729915488301
74.0337109337678,167.096355154571,26.5152401742603,2,0.2508790998907
65.667865923544,173.510861187275,21.8122050719208,1,0.120447339996565
82.5332576037724,181.89092493839,24.9463450072765,4,0.584543113259458
63.7217277949869,168.946466824472,22.3248893694887,7,0.969321812284178
80.6427738802673,187.821826079557,22.8598481187457,3,0.377839213727186
69.9774428380587,188.43372622157,19.7079202255063,1,0.0620367636287815
77.1159497038039,185.59449075995,22.3879356896017,2,0.339305267309567
85.9104610216466,182.365817508761,25.8320679214762,4,0.505931654319558
73.892665709193,193.697087779697,19.6949622096013,1,0.161923006632213
84.3287908432862,168.443745183311,29.7211832384183,5,0.658102218056492
83.7315854861914,180.652681953425,25.6566817940509,7,0.9977493890102
56.356684716909,172.611971312697,18.9148809485516,3,0.451739475981443
65.9839925396442,188.899163325651,18.4917716357518,2,0.354728556730212
59.3819313860452,161.666588354935,22.7202848438879,3,0.400704166834466
95.0173710253013,179.71916134407,29.4180744981457,1,0.115146178395201
73.9460807456267,183.352386870699,21.9959145960404,6,0.883273601426223
92.8082921296664,170.525078650262,31.9161328233741,3,0.414825655521352
58.6704771945801,173.738099677784,19.4370112775256,3,0.387274411424841
69.2723157545147,180.153789813721,21.3438569238917,5,0.659690272930474
83.0049824176597,189.550963794414,23.1021376893629,3,0.442033420931123
76.7927460442668,169.671307714129,26.6749358490289,5,0.648233468807846
80.3285989281345,171.415500596253,27.3382058625581,1,0.0614462901307875
62.4619176620674,191.255877710403,17.0759837092518,6,0.813723343722227
88.7680349287892,177.270246000801,28.247818310595,7,0.940503952879402
82.7701609575728,172.22460960155,27.9050870609658,5,0.648765386159386
79.0162550549147,187.286847972169,22.5269233589687,7,0.95456592885881
68.1438971891819,175.118030027677,22.2210840170258,1,0.151432314369963
78.2380012760594,190.274215353387,21.6101542960797,3,0.477416189480353
72.0851002100651,173.362796230202,23.984667378869,4,0.601806733945447
58.4950878996223,178.40405438175,18.3784955804136,4,0.581736647421186
74.4957714827851,189.449716653887,20.7560019084644,3,0.401461779089043
73.4326960177747,177.737391288262,23.2451241505705,2,0.338084409366261
85.6240150987512,187.560533220786,24.3395571166291,1,0.126824022550418
52.6557355768579,179.344523932189,16.3707826644896,3,0.391742450562278
77.351998288547,199.816918064,19.3734526298148,1,0.162660815105485
63.4443195189428,195.687786041028,16.5678175795222,5,0.734365676492218
78.1922334219554,166.719037375662,28.1315220412322,1,0.208830935494589
78.742800555773,185.22243681248,22.9521656536855,1,0.0585653052845338
74.131552228698,171.835960138989,25.1058532580194,4,0.552366137817234
83.0729312481108,181.915069387927,25.1028009311548,4,0.595229732719401
62.542339409003,180.683706293102,19.1573812018078,6,0.871913061280505
86.077204502817,169.446129829075,29.9795318132016,4,0.576981612417681
67.9192113380585,190.584845435303,18.6988934017011,2,0.345480853723445
59.441013495101,182.03302943569,17.9384870809914,6,0.80301188152632
72.2760402950019,177.153169643274,23.0301357013069,4,0.540278893187421
54.0484247732001,175.618901757564,17.5242938626017,1,0.0792802846311917
77.541738922462,181.397769697662,23.5652282139383,4,0.565850560313246
72.4074955741977,184.079250175142,21.3684909465982,6,0.908018545421662
87.3368692137603,178.750242136417,27.3340725041431,3,0.39631262549822
81.4892421050699,151.674804292237,35.4220255651301,2,0.2963258018998
61.0800366281199,180.168907162424,18.8165327308152,1,0.14346945701802
66.6161250888211,165.585179383902,24.2960930047734,1,0.151445521935357
80.206644205342,177.905474343509,25.3414652398723,3,0.432771484341818
83.4707900998503,165.954357429303,30.3079948109946,4,0.595679824161529
87.2250091488688,165.835023649205,31.7167376291999,1,0.0806154051696017
87.1450928530534,192.351218219485,23.5533700090709,7,0.939568589025165
74.1047738975209,176.799080190556,23.7075231906694,5,0.755133617445195
78.6265562225117,176.03337840178,25.3734315760315,4,0.586623918283662
87.9873850394379,184.825240488285,25.7571525928386,6,0.82843867093899
71.9669153806405,176.294094769275,23.1556703439683,1,0.0801867568121132
78.7972618694012,201.038060921274,19.4964056801527,3,0.476838877733124
71.7311922032034,177.269802392739,22.8264580527937,4,0.630093126861663
69.4905188553457,183.65125411983,20.6033460803928,6,0.828652906118289
75.483851182858,189.709413313768,20.9737596957293,5,0.783469560049267
68.124565486604,196.022532256069,17.7293067785028,2,0.277069249713399
73.6908402723025,172.579938643423,24.741890936012,7,0.940880169559204
64.6504513546786,175.820364961613,20.9138123421438,1,0.12434584143087
73.1000561281762,192.745918752935,19.6764763766285,6,0.875133618621152
79.4839029361586,188.100623040526,22.4646013543009,7,0.970940249604618
69.112364637932,190.751759356684,18.9940968367817,1,0.177153523222625
75.0929175253091,166.312954564403,27.1485613272828,5,0.722066064203785
76.3934259362126,195.47999753924,19.9917741582694,1,0.0402855187779984
79.5253489182133,172.385924567151,26.7609778325834,3,0.405422825139154
73.6642015869478,181.922929781418,22.2577675785201,4,0.516283299197674
85.858663418678,178.517771224082,26.941465220224,4,0.580645225909634
53.9908113854808,171.215171634519,18.4176986646646,7,0.935937248248559
104.377528471677,165.874642365789,37.935604602794,5,0.672250687294194
66.2886623596248,162.561518833671,25.0844023907092,3,0.481277951219237
79.0339002335407,181.190184060539,24.0737686196677,6,0.809675036265889
65.6153208979415,164.746809097665,24.175264463788,7,0.950532820954408
81.442681595093,168.661844049131,28.6298040896311,1,0.0220661486822908
77.7656915259492,177.819641218017,24.5939666050289,7,0.982521272256038
68.4928646265491,153.611914997401,29.0265569309588,1,0.0861321390636803
85.7308734541031,187.78979712044,24.3104648355794,6,0.814386779268761
73.3603912039807,155.901118328931,30.1830537792029,2,0.280334752551412
80.47215938057,179.226276086672,25.0519936426933,1,0.132179657753871
65.8284019480396,180.150192265942,20.2835446474828,3,0.439855639713834
74.6911236442842,185.380617201818,21.7340341667125,5,0.643956579447613
95.034072671821,179.583191976101,29.4678172676575,3,0.380951845023475
84.6296552911413,200.179079638332,21.1195760300485,1,0.0545654082826989
78.0762075545105,182.163168815685,23.5286801007303,4,0.599461139658716
70.510791723902,190.536123992436,19.4223125474019,6,0.902403276110674
75.67498535875,172.765371911297,25.3535598679879,3,0.383215365947251
76.9756599017238,181.207568061894,23.4423290159203,2,0.216332777630827
79.4922843491974,195.475700950289,20.8036442761125,3,0.442577345932815
64.2333949182233,177.623048753103,20.3592716036642,1,0.0483627110487808
81.6840796094236,181.922347641952,24.6811457301604,6,0.820487584480274
64.1040690170534,189.808534491374,17.7932026602718,6,0.826340810950186
91.3112585228187,172.577704798083,30.6587857884456,4,0.588000463429628
67.2837167758312,158.384396666808,26.8216310914239,2,0.353102888938389
77.9662831967617,182.555736537123,23.3946128166101,6,0.799783364445783
85.0514257327801,189.88669169358,23.588077285863,4,0.554687024788367
72.4761995653555,166.48554235108,26.1482339337292,6,0.825932308550016
78.4060001909985,186.702198972773,22.4931579595725,4,0.63145879258302
89.3518154919005,186.769663873395,25.6147845167657,5,0.784405473212797
80.6440298789326,157.265037408846,32.6067757519634,4,0.59856299321776
78.5555062967435,170.637113675932,26.9792355070528,3,0.414141068215666
58.1521460517953,176.041712192683,18.7643955330826,7,0.957945859926137
65.6627774725977,178.203759997647,20.6769045384507,4,0.541113824878844
85.4692012765001,172.56865735232,28.7002582847258,4,0.605089518540538
80.6995030534138,172.029971964178,27.2685863039025,2,0.220487639414749
82.2146627378507,196.71482891182,21.2458974359112,4,0.625650789427276
81.3539693221489,178.92440868141,25.4120420983626,4,0.571607649482943
87.8975652837537,173.049563398502,29.3518736788412,1,0.184838397947024
72.3860007504487,179.588305230874,22.4439079521453,1,0.0595870973531437
76.204999587893,185.370908330611,22.1768729809805,4,0.604359319714771
64.7132566687091,180.516263767112,19.8591466921324,5,0.76369226935032
62.2197741656362,177.94272409172,19.6502446051473,4,0.523401370922008
58.5625928441194,173.499833313295,19.454594048616,2,0.226772625319645
66.1483650100015,173.378691545324,22.0053191679581,5,0.666521976693034
90.5256181548964,174.021916135146,29.8925941968659,1,0.0801057266096022
59.4727293218396,183.388146008107,17.6837900315817,3,0.441833704801954
71.964640144228,170.058199075982,24.8842185486946,1,0.16336675839842
62.0685467635384,183.932692234702,18.3465209777942,1,0.184459051059883
68.9902603699663,194.129947556268,18.3063899660657,1,0.202293949158203
76.6969379235202,183.257073578132,22.8379191550104,3,0.386707057043977
67.9988412679499,176.304144710828,21.876430835644,1,0.0511502056203976
85.8966486501646,167.018731149453,30.7925644926418,3,0.397793440929098
90.3397812084956,195.781068079115,23.5688095738006,4,0.5117074471147
52.5090427194406,168.29982349401,18.5381665588755,3,0.483294284966325
68.1700766964887,188.485620344757,19.1883369464869,3,0.38278410040304
75.5914212227242,186.385178605944,21.7595426204477,6,0.839146608070752
86.2611702601538,177.632313970359,27.338293337123,1,0.145326692420504
70.4575572484673,177.370211962193,22.3957810058871,4,0.505696743781374
74.8006460475419,161.642887259589,28.6280752737795,1,0.0620414169565542
63.4325577494805,183.300650008126,18.8792272214806,1,0.0711556788779097
59.6720414773765,186.199263323958,17.2113517017652,4,0.573865849677096
89.4538468958293,169.109198838521,31.2798425044747,4,0.566018424887821
56.7593012610706,178.441785256708,17.8255903284754,6,0.878033512844457
98.2861900842156,180.378619150089,30.2080286641046,4,0.557873675660073
82.2515139938174,185.845726279495,23.8143506341714,7,0.95979102040485
81.7997307551675,180.038030761231,25.2361654580796,1,0.0486948483999297
80.7546866749443,163.736806460384,30.121396657961,1,0.098007684780741
72.4731431199903,174.700622305375,23.7458758490508,1,0.0440658615703813
78.9208452970087,182.24625785389,23.7615348055438,1,0.18527685033354
73.1110331221552,188.415283420397,20.5944721420136,4,0.541270110941678
80.5307327644048,173.823633906057,26.6528712266364,5,0.645572181427428
74.6631347309128,201.8764987455,18.3203890464779,1,0.0455851579486688
65.4965181689826,161.05526931163,25.2504043140244,7,0.945970889845599
66.2942738373824,174.362998249421,21.8055658635804,6,0.842165376650381
65.1572762470749,179.169663965072,20.2970986713073,2,0.296612482157093
84.7090073193431,177.992508364471,26.7378292538276,1,0.0771875302264679
68.825533875409,167.678576701851,24.4790427649663,1,0.169887073219057
55.8789683891513,184.478617477517,16.4193631843445,1,0.126944413754972
78.968386658488,183.710940513139,23.3982417757513,1,0.123283779298946
90.1451756258958,180.479614459815,27.674907632232,4,0.518561688665733
82.7308318917752,183.318438632585,24.6181317822642,2,0.2458474424934
68.9667643477828,175.762235885519,22.3248584414953,3,0.358139716529144
59.1318828440491,163.826370498914,22.0320083882303,7,0.989505333384322
73.6573189664249,172.833601299477,24.658096526572,5,0.684314248925344
73.4077612190328,181.570545814094,22.26646021317,7,0.948980667047001
65.3080038968623,181.627444148463,19.7971861522727,1,0.142556555033115
80.5103730224253,180.413790525858,24.7350262961422,3,0.382139474832569
93.4662650083047,185.48708267985,27.1661157482701,4,0.554731803282354
77.2228271745828,174.188539545499,25.4510990745359,1,0.076758061888738
76.6047620699884,180.266810571105,23.5735081644544,1,0.00418744362795786
65.6277195116617,185.720927784049,19.0267943507729,5,0.670434333796917
88.9741470306037,179.151101814976,27.722019598861,4,0.641819516801435
74.2485583318998,167.566760715939,26.4430944937079,3,0.410788809999611
69.2103674480582,170.385116303444,23.8400874907657,3,0.489644076032032
75.6368839365161,188.308523242793,21.3301384075657,3,0.415443000592089
79.7196133324661,193.924721629425,21.1981924265976,1,0.0240050448448888
76.392154086449,191.75283107824,20.776155492052,2,0.335371606217462
87.0615339567059,182.32155949742,26.1908902630723,1,0.177082255397289
78.8397155254686,167.968673979833,27.9439928261241,1,0.0984241891013687
72.1605818911746,179.936484432271,22.2875106913889,7,0.956720433889349
79.0119221632689,195.622551319504,20.6468969327933,4,0.599359725042165
79.9963710112595,186.184883804564,23.0771115728151,5,0.728656284236602
62.0362408073615,177.925224773161,19.5961351864221,2,0.315363743266117
86.4941972826371,186.286252328412,24.9244372245776,3,0.393147129494015
71.9909598063864,167.306047933843,25.7190357843273,2,0.236923993896723
72.2467677649457,173.043286221517,24.1273105324171,1,0.0969656709654247
82.5137598707594,169.158086089776,28.8363873998634,1,0.179031637441583
82.4716522425958,184.695718183484,24.17636706169,6,0.797514045296485
67.9916832113391,187.1410349972,19.4141212950536,5,0.677545805183775
83.0290161814568,178.461739728016,26.0699169231983,4,0.546928875985476
69.3955184851047,171.270703232604,23.6573046753283,3,0.475089872866768
93.1957304669865,179.802509064653,28.8273367251978,6,0.922434283656124
66.7180601873423,175.134201093261,21.7521144483394,1,0.0727349477786684
77.3947746170589,172.038292953062,26.1493796616229,2,0.280600813237915
67.1798236309239,183.389936853092,19.97504918707,2,0.349937853570714
97.2269562913507,172.420077774813,32.7047638041223,5,0.782425812212787
62.6217905591288,164.336502670359,23.1876854709044,7,0.992514620161971
80.2436274725291,166.558855296368,28.9251152624787,2,0.240670514757153
67.650895855222,163.96739533184,25.162776281415,6,0.87430733413708
71.4589235855201,182.475119165762,21.4609606419289,6,0.830622760431791
79.5353783374517,181.504054381761,24.1428029668536,2,0.224657397641766
87.2458443762614,181.005200945081,26.6294773237605,3,0.399332580199222
91.2339656229904,185.877316524799,26.4060696516213,3,0.409672869292519
59.6305203997367,191.919588561171,16.1893715986292,7,0.978220668526558
77.6775122436446,174.077334691748,25.6336736552756,1,0.180891901378898
89.5949360338352,184.064774772384,26.4449101779231,6,0.799157971104782
58.1468906123805,164.203844925941,21.5655158809225,2,0.334192714173109
78.1438349405484,193.787097462633,20.8087026711457,5,0.73087034577616
74.9791620257981,167.551687617818,26.7080985084701,3,0.420011004295662
79.1454181437978,172.899188809595,26.475237610643,4,0.57835976311654
67.2769597467352,174.022904862669,22.2153689226246,6,0.832611773326131
60.6438117178656,164.737290032777,22.346147227735,6,0.804165564983884
55.8689357482097,180.325755774085,17.1812547162704,6,0.8664231835397
84.763839534621,182.139038682014,25.5508022356202,1,0.059617325344659
86.0404913648335,178.105863290184,27.1235448697166,5,0.692050553039744
78.0268534899598,164.597523679689,28.80033236757,1,0.139987376721762
69.658516503119,199.833862348517,17.4435974721221,3,0.415818568018411
58.7695410653425,185.492307965016,17.080496451604,4,0.548588415054688
80.6334546250502,206.342220436499,18.9382160886778,3,0.40273948474683
63.9922071716331,171.948907601137,21.6435376347333,4,0.519611675803007
67.8870137523946,189.578822281769,18.8889172134613,7,0.996526308798619
69.1343592043728,187.792738873941,19.6036233558979,1,0.135217313712854
73.0246477430303,177.094248969026,23.284158919143,5,0.675456045336425
67.4095955279135,194.110509010592,17.8905472134899,3,0.396000966385615
75.334587709923,175.945899923862,24.3352669124934,1,0.133009798907328
68.7818169949361,176.391085805753,22.1065197757036,1,0.158736763374309
82.0137306483922,145.285701080616,38.8544549182102,7,0.949273106245616
85.3106291398805,184.090280537426,25.1733738550388,6,0.879601496711762
76.0854267602843,166.744900883175,27.3650569985214,6,0.907041960415021
79.626263353811,174.492788043044,26.1517871124005,7,0.991532775827386
96.1785594962589,169.737803612549,33.3826732719651,1,0.208315390008517
63.2739674313868,176.337684606817,20.3486123614892,2,0.355439337364061
62.6653189871989,184.438802302174,18.4214014896326,5,0.669219029924866
81.9499790077687,180.111415630487,25.2619206874946,3,0.483802539860647
94.4654283751476,187.096412905058,26.9862150033608,3,0.418389533378333
72.3950143806127,192.656295355856,19.5048335732642,3,0.357811249335593
92.2683384221876,176.312040633221,29.6816989506134,4,0.593780631943452
75.9643371879349,175.214327579838,24.744034939958,4,0.575593428640082
68.1911271796091,189.57727653662,18.9738432960783,1,0.16145783406424
65.0930761136229,190.370472887399,17.9612111382693,3,0.471739837518439
81.2941358488678,187.40590868103,23.1468906415394,4,0.553471776209849
65.850409322173,170.478211932606,22.6579552971851,4,0.57028693873139
75.8127684276702,184.226550655016,22.3376722511864,1,0.210107192912351
90.8346502538409,181.094706040472,27.6974660613421,5,0.742271392252286
71.9321960712863,190.525289413496,19.8160942591849,1,0.0251990948210696
88.1400947464389,174.271279104622,29.021634975476,2,0.354831855543162
62.8545651027359,163.3338970885,23.5604823368951,5,0.780212648535633
69.660908986832,186.902368003802,19.9415783662006,4,0.563892921055402
60.9285597378508,154.416316167429,25.552567086174,2,0.26116243251086
75.7299675597335,172.684865961036,25.3956431052718,5,0.694953119343047
82.8007817971658,169.768044886817,28.7291345306088,4,0.567390944156073
75.7518708760618,169.700653290942,26.3042749148591,6,0.796243609456387
87.2705005997015,172.509685290449,29.3251674990079,5,0.735025186189823
67.5082075937087,192.173735697516,18.2796767725197,4,0.610107922036234
77.2534275368906,188.205554190063,21.8098603771388,3,0.488177675310814
69.7253067638614,177.482693180074,22.1349432684955,1,0.133182125667523
78.6167658542365,191.33623471859,21.4743846144789,2,0.261333017885383
80.0373604621242,169.377028448336,27.8986853635568,3,0.419099472917085
80.8239595998406,168.017166142528,28.6307557541308,4,0.599299287006388
64.2940566176439,188.635966592465,18.0684885468044,4,0.513707855215304
66.1025389821343,185.796432293226,19.1488810031901,2,0.288184525959529
67.9571229180881,175.397365984166,22.0896507655632,1,0.00646435778971055
72.611192521334,168.645391063018,25.5302234444047,3,0.496239221900813
75.8718640420643,194.597318750379,20.035816704144,2,0.285625988562243
82.0808912185667,162.798974490521,30.9698237372223,5,0.734608300710535
66.5190130066076,174.015740646564,21.9668977262222,1,0.0239462652704834
58.9898070229824,182.285765275178,17.7529881723427,4,0.58482781130579
96.5574316320679,198.021648084314,24.6240998674415,7,0.941474237506065
63.6854697934757,183.831002120732,18.8452909775806,1,0.174409267111499
83.3632372299555,184.803046530132,24.4093558263077,3,0.471649490750595
75.3126687724867,174.306162998518,24.7880607451057,1,0.0914219918171381
77.5130564080638,185.684802252745,22.4813373642132,4,0.625681912261352
74.9844949416409,181.05309320879,22.8749194131658,4,0.550531680596225
71.1515811805287,164.115354595824,26.4171598935661,3,0.407365524212832
79.6397228292345,187.929348534931,22.5496872755539,4,0.521377021473741
70.614127937427,189.703933898468,19.6218036778939,6,0.89657465846901
86.6630274723679,188.033650488211,24.5110943384723,1,0.196294302311067
80.6844100625615,180.333279256658,24.8106343107758,1,0.0225645117053472
80.9959411328149,170.438231168503,27.8823400368877,6,0.861664884699101
69.9287693994341,156.908162687151,28.4030390887868,4,0.577117082387906
72.63645262911,181.570536054014,22.0325048674856,6,0.890658455461842
63.1208719135793,190.819420597408,17.335159569333,4,0.596945223413172
71.4698394327443,189.95532469083,19.8070529516991,6,0.810161089959702
64.634240836437,188.160728433938,18.2559602205087,3,0.429673363355147
88.1306851558871,179.257890214506,27.4265123764743,5,0.749859931288268
75.50535815594,190.874641740314,20.7243683206928,6,0.913041466889856
76.7049723504043,189.241618238559,21.4185571509955,4,0.572122963722206
72.7485347264997,175.773664392784,23.5459727483972,1,0.180785150562379
76.975789220514,186.765980166158,22.0677780610669,2,0.268797615030198
99.6487763585768,174.640408545907,32.6725094906979,1,0.198644576897405
71.998597156075,185.400242316169,20.946112883825,2,0.246857027595732
68.4958696529,167.008833556989,24.5575760960562,2,0.306415449351036
80.2969313290544,167.77788191327,28.5252548741508,4,0.555133786753188
49.7428136639751,190.582070469439,13.6951333578661,4,0.587991629463832
75.6395678691093,189.375601222047,21.0911854222437,3,0.426499747241861
71.2828709670709,186.336115405758,20.5301020470628,4,0.615420779820835
65.076867339639,180.879688210528,19.8905612302886,1,0.0815749256113659
80.077576703115,156.087255689758,32.8682084183871,1,0.0877882370581599
75.5398841844579,179.251240617935,23.5099645541716,1,0.171829460357658
56.9759109250578,184.541831671898,16.7302189087084,4,0.518077498040344
68.5347047880756,174.652667524404,22.4677767626123,1,0.213994678698313
46.1172879480727,172.875058071917,15.4311780208189,2,0.283284403492577
77.932693141335,194.444203881536,20.6124531069461,3,0.400312836172994
77.8329941844015,179.397110086083,24.1842627391379,6,0.811866124010379
67.0671810616632,184.547951696423,19.6920801171067,1,0.0138621359128601
80.4011271168312,187.741314616193,22.8109003790434,5,0.649378820236622
62.1750137887847,169.985629234949,21.5174833619848,5,0.668876531040685
65.33482974065,181.932074227141,19.7390488451358,6,0.798655780356636
79.1719046438256,193.196444944773,21.211570839697,7,0.932752939060313
68.1133324503705,198.192231832997,17.3403904501232,1,0.0201378489492898
74.3734304379755,180.399363972146,22.8532415249337,1,0.153783705513216
69.3635097257365,177.620564526529,21.9859161758567,6,0.886171294055993
70.8906884370081,182.690240681375,21.2401949247851,3,0.458518562187015
71.32775784045,182.436370470275,21.4306688435823,4,0.564590638933463
67.9324324278182,193.867580661311,18.0745204796109,5,0.663027203723147
78.0244971436012,170.036083108329,26.9866386603995,5,0.679066604495637
68.7207151324605,177.201269138339,21.8853760919608,7,0.931740403316508
75.156867137956,168.828586731234,26.3679701609741,7,0.996949417411669
67.7126831862559,169.879051142024,23.4633689840099,5,0.72015746093094
59.6570137361554,183.765740151391,17.6657635696499,2,0.28722120920515
84.1243524925916,188.09857841637,23.7766523520517,6,0.879752402294343
79.995269850954,173.506083062562,26.5726517907936,1,0.0492209145407616
97.8868206879767,187.720947889752,27.7778575273306,2,0.231080852874496
64.5602716000174,191.115786571319,17.6755210226182,6,0.897385717463714
72.9103951266796,199.347059984333,18.3471994392198,2,0.256191514439354
73.7149251914419,180.69746848841,22.5762233291263,2,0.220651059621748
84.8936943828213,173.602354725558,28.1685317360183,1,0.138125293140247
69.9289210586739,169.975280683941,24.2038968540133,6,0.859111757646916
63.2895814582414,168.982068020801,22.1641449717052,4,0.500058259191086
87.07809308461,192.497807014036,23.4994304953352,5,0.674893203054154
71.8334997073877,164.849046570443,26.4334680703023,2,0.239066384075029
83.7864350972604,192.177484856512,22.6865628289994,5,0.758040421011216
82.6219840079221,171.315589707478,28.1515199696471,5,0.760005544962098
74.701095260977,173.147938021405,24.9168031662708,2,0.3125980249083
73.2568629496525,178.4844454499,22.995749475968,3,0.410682633010282
71.0843519367019,172.963454504334,23.7610324349408,1,0.2096902774302
74.8480687123001,189.319797549595,20.8827907154589,7,0.976561023322904
83.6310022617063,198.133439519827,21.3035384308804,5,0.645602577058411
67.0355981894042,173.425678424468,22.2883893107156,7,0.934543880715515
76.0884563020912,175.677621608353,24.6539145737546,2,0.303385543629133
63.8136857180119,178.366791927161,20.0579168500911,5,0.781890912996889
65.058937669578,185.410567634926,18.9250920487374,5,0.765858643884742
74.6906100284437,178.465157210441,23.4508791560397,5,0.691655651866541
55.3984199170616,193.872574110525,14.7388848088706,7,0.9656389752668
95.6055861661605,191.466239165619,26.0794756246679,3,0.393555336106315
63.0694004508976,168.145376464049,22.3073942426591,1,0.130717323589757
74.5991148734344,185.209681655748,21.7473479972366,5,0.67170885924406
86.6821772181686,195.203392373095,22.7486217384323,5,0.729309800477206
66.370946612495,175.052190542331,21.6592249725449,4,0.575060573458814
51.9730301045528,177.057351282064,16.5786862064437,1,0.206817893133396
70.5505423987532,174.71963002147,23.1109051000639,4,0.504455941669355
66.2517961992388,174.929243844764,21.6507437317205,2,0.312189736569129
52.2362649140799,163.315484480889,19.5847209771353,3,0.427466528166689
77.8488989257219,166.716850485349,28.0087340511313,5,0.645218575844663
77.0709386223295,180.774737187372,23.5838753356636,5,0.745214742690834
86.4232645453835,195.135979746527,22.6963468986946,2,0.232224690901343
63.7917763447961,173.866391874817,21.1024758754086,3,0.405325360646953
59.0086351355298,173.572426970514,19.5863764565408,2,0.269161570991629
70.9327691695341,197.015210704207,18.2745798034333,1,0.198631613861869
74.116573409909,168.91742538184,25.9756501213635,5,0.783387219995838
84.2134960298649,163.387568372935,31.5459549062855,6,0.909252694436992
89.1056800500515,171.714845638625,30.2196688838403,3,0.370232185684576
87.1447913390734,173.372155212056,28.9923045701713,5,0.751278924373766
77.7654366689266,162.525469153049,29.4404035179342,6,0.896995289364411
82.9949925350414,178.719582937253,25.9840956122982,6,0.846124210530231
68.5950656523081,189.484463498615,19.104939346729,1,0.182813388539225
76.6839519247524,167.140452262851,27.44993625644,7,0.956291881513361
63.0870986071219,180.875782189535,19.2832268382582,3,0.376676440429462
75.6268539688687,183.959356756267,22.3476710329197,2,0.339240661173836
75.8864669739801,179.166157247257,23.6402669228094,1,0.0624313272777803
92.2212860568496,181.85692589741,27.8850535780055,3,0.486173654104883
72.7101713850975,181.973272625952,21.957351650203,1,0.109013615640928
75.9004283765328,171.872720430815,25.6939174695199,2,0.248539820927426
77.3696141571204,194.985825720118,20.349996887252,2,0.316942621767281
70.4517968411154,192.477568340762,19.0165542761504,6,0.808826323491684
66.9750726678835,191.899113972411,18.1872591214755,6,0.875488650395896
87.9881132484705,190.136757405438,24.338389595254,2,0.302466317461469
65.190825570397,164.250205305669,24.1643233642376,6,0.858698121244573
61.7208192831272,189.260623778119,17.2310264066327,6,0.857230937369791
81.8026537929548,186.556014275495,23.5043845479398,5,0.764650950384873
86.5781484202401,164.634763850562,31.9422278704772,1,0.146695114015181
70.4859034239936,177.850896448499,22.2838462519926,5,0.690322846900729
70.6394651235012,182.767934493252,21.1469332552136,7,0.945024064580568
77.8254352610679,196.643170981246,20.1262943766967,5,0.682540478767157
67.9214732325681,187.247238578942,19.3720800029047,2,0.331616849107833
67.1828747938803,171.354342727217,22.8806497270453,4,0.500579317430831
83.7959258798636,196.953884584519,21.6019920555972,5,0.645725043351053
81.0713110078361,180.437797627138,24.9007346825396,4,0.510570408728503
88.111588863181,177.441588630969,27.9847994273947,1,0.119952941730969
62.474109876345,176.728818034111,20.0025484614773,2,0.31206404465202
69.9753751308938,163.764447619768,26.091916861421,6,0.802396030553632
77.8117956226945,178.902304961838,24.3116013282553,6,0.861418046095517
65.7437915022563,184.974852573056,19.2145123513022,1,0.13730003271557
81.4168743715465,176.146166724747,26.2402538742323,7,0.952386752398724
87.2462708722633,184.204524772475,25.7126172621147,2,0.328822617848609
69.1664202777265,171.356089290858,23.5557108744798,5,0.66231373873072
75.3859194022703,178.590720857223,23.6359169509886,5,0.751825145956681
89.5561869008111,183.165403266086,26.6936954397457,6,0.811946234637883
92.99271575019,181.896608770634,28.1060442995863,7,0.94574970222593
82.458012510604,163.945349102809,30.6785381260215,2,0.312919548028822
80.934291731936,175.609940491287,26.2442628646404,6,0.858506454551554
66.4626346531508,196.774629303126,17.1648237089164,1,0.131686903436207
78.5920940045784,175.075539256694,25.6405841307024,5,0.705040906353592
80.5682084077499,180.158075441118,24.8231126847494,5,0.741977729513985
72.8962984143895,179.13244249451,22.717313989907,5,0.67772324120132
69.0522374544433,195.682397589196,18.0332595516423,2,0.252314736135153
62.1870232652314,192.903681221946,16.7116271579688,6,0.873043147015203
57.622702449487,188.075309998188,16.2903362898595,1,0.168858463370395
55.5211648667883,170.267576866274,19.1511412006239,1,0.0536347915208308
80.7944257286726,183.59183049192,23.9703676125045,5,0.717464990611912
76.4769932522677,185.679417430751,22.1821314875761,3,0.475475715232733
70.161888684589,173.013951644039,23.4389968239693,6,0.849098019958676
71.6854370227536,171.294828941523,24.4310668414739,3,0.383397141058258
77.1047054153048,197.05014147207,19.8576284388488,1,0.168278588507712
73.354369289914,176.99196687783,23.4163325035596,6,0.836442192469869
61.5944681999617,196.149768189111,16.0090702914664,4,0.548909631640071
84.130002202743,189.970937554945,23.311840775415,1,0.189195792390354
78.0412617066981,184.078767823753,23.0312168727202,5,0.720383998586445
77.6589847981384,184.525314363594,22.8076112092533,4,0.5111136384895
83.3756270335837,165.995804396692,30.2583255132879,4,0.604312982240319
66.8635464394032,182.067747798344,20.1708113633823,3,0.460898338206581
87.1373143772584,194.170204129816,23.112078090825,6,0.828708983818006
73.5995714805776,186.813395031856,21.0891589206247,6,0.829562715683049
83.8859888033087,181.543366870644,25.4523951500233,5,0.709388821824386
82.3444903348765,197.11937195817,21.1921945524239,1,0.105401377396462
64.6119817199744,178.149592773391,20.3583883062173,6,0.838853861904068
80.0290040491413,173.804443249783,26.4926658932554,5,0.671012980532909
78.2627467084668,181.538319160782,23.747531133771,5,0.697024166004299
75.3031165749434,187.664673681115,21.3819788086139,3,0.362982840403871
74.0562824996461,162.822059041917,27.9341475239334,6,0.879279556157006
74.141067502822,182.848686434904,22.1755880536104,5,0.725371600234857
83.1268942564399,188.103450155363,23.4935167990118,1,0.112590466529194
80.7791051379151,177.303583747031,25.6959104487664,3,0.407778034406162
75.3047885026566,191.069647663026,20.6271481398881,6,0.886380361960141
60.0806385352862,186.41186662411,17.2896988630567,1,0.0471967016973789
79.9444341408361,201.41383118511,19.7065070011366,7,0.961416619642049
82.2361361917777,172.493971024187,27.638524644469,5,0.679162568319562
98.0041008544697,188.30709850496,27.6382706392732,4,0.631375977643376
85.7543306310503,169.826760922025,29.7333476258591,2,0.270559256487991
56.0082361208453,163.846335487232,20.863080336019,2,0.248791788739177
75.7842939901864,159.644691571821,29.7351576050615,7,0.942058219488595
93.1137502866498,185.383240223969,27.0939847107484,2,0.298272454234122
81.2354885690163,181.842479139441,24.5671687730843,5,0.775505296718999
78.2865216037321,175.209489426382,25.5018536432841,3,0.393121798207079
84.0022865891523,162.264956660503,31.9037425256431,1,0.139254070784703
68.7762180500919,173.096133738613,22.9542736821784,1,0.0107152976953589
79.7808999662745,180.040930076754,24.6125400276292,4,0.54425733701525
72.4953196100809,187.93169366793,20.5262641490713,7,0.975778818548932
74.8037651418952,179.834642497523,23.1300593010211,3,0.369136193809204
83.284545156951,182.520603427052,25.0000355614242,3,0.357192333993044
65.7328689750781,176.238676190258,21.1631419020901,2,0.344091617849442
87.8798247380193,197.492242025271,22.5314479447165,4,0.520543837304858
70.7718803891445,169.817503556717,24.5412020227033,3,0.440664883424293
77.606628331504,173.007617827148,25.9279608979838,6,0.879914626727014
60.9949203972505,175.076419260064,19.8993255724004,4,0.50552079172349
82.1983729087139,185.427043979767,23.9065590371977,4,0.507757838188568
89.4650393594657,169.611402102131,31.0987740351003,1,0.138371594720556
69.8535845078185,181.357185905479,21.2382710981435,7,0.982739540910386
63.897766134904,181.649101434265,19.3650743052199,2,0.249972890868829
77.779830647427,173.056420292666,25.9711727621164,1,0.0733640674596026
89.5481064499174,183.299794609568,26.6521623572325,5,0.663146248975208
60.5014343451909,169.921861012625,20.9540105906726,4,0.595366370156872
63.9369181877165,168.829258575382,22.431394461337,3,0.415145653992745
70.4581044168848,180.996057565214,21.5076383109673,3,0.422192233880678
66.796561754693,163.402444145219,25.0171027189326,5,0.785063921046431
66.82814533391,158.551972974497,26.5837416186718,1,0.195712640099649
54.0587937233622,185.328333007968,15.7392020940148,6,0.820253318944889
80.8905694740586,190.489699425911,22.2923010706284,5,0.648747113895018
78.3872050286963,175.331968813074,25.4989889316844,3,0.418969773779524
58.0115080019635,173.319293479022,19.3116923889102,3,0.458028616583868
89.5719575995624,190.055352259745,24.7977259876445,2,0.256647207186095
91.8109231493048,168.54461782001,32.3194957982407,5,0.752114332696974
67.4909445021988,166.366273752788,24.3845601968248,4,0.512874742305267
86.66548590977,187.076364237084,24.7632894729548,2,0.320854542749843
69.2700219500905,180.090381865123,21.3581822155711,4,0.59605011576095
76.8111651021106,190.648767392902,21.1327662434119,7,0.995734452051323
66.6423786497909,158.59734121222,26.4946804027104,3,0.435262279656553
97.1425152346227,165.993260088814,35.2556263795606,6,0.920691400778619
72.039827726701,180.143320598441,22.1991495966983,2,0.345016839924566
76.2644902282346,184.176736984837,22.4829255753541,1,0.0547327069249858
68.1206261253617,188.469970876894,19.1776021276189,1,0.204242106368428
93.6131559723639,181.748177688087,28.3397984127622,3,0.418695143327684
93.8661464608941,181.646551553585,28.4481922333774,2,0.219634928594569
91.3092918126294,176.105984569698,29.4419618042,1,0.000227038218255537
84.5644034834762,195.909049049045,22.0332517464608,6,0.915001537747527
68.7521045306594,168.969765445295,24.0806382853102,6,0.843879411230929
83.2785009596241,183.590201525559,24.7077900311371,5,0.742292231486947
74.9295720107526,170.121911654119,25.8900413176084,1,0.167814595646028
88.1240862174263,185.34778545805,25.651916870708,1,0.120363576209986
86.1590205336536,169.629824306122,29.9430702126592,1,0.0676047494723831
68.5073442192407,187.438156985004,19.4993942930763,5,0.724029188772921
84.4782580283721,181.121049468245,25.7517707862935,7,0.928807960687885
81.8203445004392,197.446391732586,20.9876059046736,3,0.430535820913037
47.2643713708655,177.189803527284,15.0541567184674,1,0.119140671996048
83.0093663962946,184.249661162475,24.4519614947645,4,0.512392820732106
70.6820421135979,172.203437195392,23.8355653294926,2,0.34883190745863
66.1395754566832,177.121069935587,21.082443684983,3,0.374824924349997
66.5673939570625,181.057494794443,20.3061944773544,4,0.621330624155707
73.6475710436796,164.727800775286,27.140923900332,5,0.718718113262202
79.8005958008668,165.823760658152,29.0210160644142,1,0.11060359887316
61.3453797780782,185.998592998356,17.7321967527816,1,0.0355902308064763
76.8984783621246,178.539131784683,24.1240882872279,7,0.994330302685714
80.7675806619307,174.070734669519,26.6554212027079,2,0.232728348915551
93.6180578366963,172.630138195832,31.4142279507591,1,0.053830524908459
64.2330983077487,173.015112042763,21.4580767448907,1,0.189875329095919
71.5038781322219,181.125507150082,21.7956772433228,1,0.0389578463484642
77.6166297269647,184.450358641161,22.8137024471801,3,0.391810894617171
86.474093301916,159.078927703747,34.1712375270495,6,0.802401784451324
71.9577611882818,194.128340567698,19.0941248713298,2,0.34124444975772
86.9864137199105,193.417007629419,23.2520959334588,3,0.444183406878366
55.6263768352354,156.693452364531,22.6557829297406,5,0.675586773567438
62.4665180687811,190.859266963227,17.1482890659906,4,0.50889407006988
78.4864434433422,190.55218851331,21.6155737506772,6,0.861445686021324
60.8917550191212,180.004454941875,18.7928213050824,6,0.866035675045756
63.2552947323328,167.028313781151,22.6734021030469,1,0.00991069549115364
69.7222313575406,190.15228091665,19.2827157440521,5,0.778046306483199
82.7143899191582,177.587689337026,26.2274071277379,3,0.460733600241673
56.0403515869271,185.488788438189,16.2879160493332,7,0.988840541303663
76.7029836216239,202.192012719617,18.762221841886,3,0.483232075875435
85.329639471528,182.518367506236,25.6145516994235,7,0.986895945388297
73.0505479157104,170.831153082814,25.0316416618145,5,0.754569361205736
71.3116977040746,176.642690050802,22.8543795723825,2,0.248604884613306
79.0177128255857,172.10554639759,26.676860757863,4,0.538394979286957
73.0788894727856,184.334897174485,21.5068505400261,7,0.992135639478582
88.9049978124074,171.939324412501,30.0729300195192,6,0.857530607751923
63.8858698786556,175.271485776503,20.7961181524508,1,0.0973668937912211
74.4835584483491,167.155696255924,26.6574163526684,5,0.706371996809996
77.0568637496068,178.679129944808,24.1359096212491,2,0.345579585870813
71.2154594815354,181.76754793302,21.5546801907149,1,0.00698226188034811
46.2871733704253,153.152119528825,19.7339778925587,3,0.403480969026999
73.390950919508,182.595735614802,22.0120886632525,2,0.234754421724971
84.0017698691246,179.542997689032,26.0586247823178,6,0.818869270520471
82.7810918612601,172.350080512438,27.8681519017081,2,0.337330608845765
78.547784821702,200.286289242698,19.5808482214313,6,0.827523693953817
64.0213764165077,189.584765276047,17.8122235290119,1,0.000597938834795308
78.9530946245848,169.035975138485,27.6319077632753,2,0.307819150026119
69.2656217845776,188.382368795711,19.5180861227484,2,0.241165214307761
78.5348290594866,192.44498076021,21.20552971688,2,0.23356736106861
76.2150501140171,181.320209226175,23.1818620165741,1,0.0681866197654627
73.8952711685476,183.614420369473,21.9181086347005,1,0.187124270410501
71.5754922230781,183.383466669215,21.2835460119291,4,0.555549569885619
69.2557132776086,159.141841410767,27.3455617064597,2,0.291361072837744
66.9359343321391,178.131304031496,21.0949662783381,3,0.417394782329147
64.6161553866696,177.610871580159,20.4833989306271,3,0.376866880347188
62.2963764412001,194.301556365598,16.5009985965826,6,0.875904924999894
59.9765974957306,183.337278635618,17.8435089540336,6,0.905298999010515
57.6568185502612,177.023890378833,18.3986904690525,3,0.49295697165586
55.3370396047917,179.098752590089,17.2516563973992,2,0.330155950315604
53.0172606593222,190.233855816274,14.6501362316667,1,0.106800704002363
50.6974817138527,178.154153367546,15.973293951835,7,0.953402879382095
48.3777027683832,173.018044669083,16.1607846330306,1,0.0602269449002974
46.0579238229137,177.242978070791,14.6610906869906,2,0.29765027756828
43.7381448774442,189.406961438226,12.1918183929434,2,0.298066201170004
41.4183659319747,184.961649055979,12.1068059975334,2,0.320401286140214
39.0985869865052,180.442679733491,12.0083275642128,1,0.164286843272409
36.7788080410357,181.915392994448,11.1137021188063,5,0.783161430923697
34.4590290955662,174.402575264045,11.3291479847541,1,0.122497861965989
32.1392501500967,178.060505995573,10.1367919621553,4,0.634906659153162
29.8194712046272,173.366956782254,9.92127039572743,1,0.123846026705817
27.4996922591577,177.052207157002,8.77253568651767,1,0.0705356375929565
25.1799133136882,193.461782636266,6.72765729003322,6,0.909429503685876
22.8601343682187,169.221281886228,7.98304941550396,1,0.190128766318705
20.5403554227492,173.11282333577,6.85408483190045,6,0.821250154559704
18.2205764772798,167.457011370642,6.497636942735,4,0.544630871107135
15.9007975318103,165.290912428124,5.81997278152864,1,0.0778565196087696
13.5810185863408,178.132280858047,4.28003268947198,7,0.955448191438067
11.2612396408713,173.823908181992,3.72706682908817,2,0.246961166991892
8.9414606954018,197.616889307921,2.28960389005171,6,0.859645345352606
6.62168174993229,177.171534538222,2.1095042779191,1,0.168810005784564
